{"cameraMode":{"drawMode":0,"name":"Shaded","section":"Shading Mode"},"sceneLighting":true,"audioPlay":false,"sceneViewState":{"m_AlwaysRefresh":false,"showFog":true,"showSkybox":true,"showFlares":true,"showImageEffects":true,"showParticleSystems":true,"showVisualEffectGraphs":true,"m_FxEnabled":true},"in2DMode":false,"pivot":{"x":11.548685073852539,"y":8.379644393920899,"z":11.41650104522705},"rotation":{"x":0.07091540843248368,"y":-0.8913894295692444,"z":0.15010495483875276,"w":0.42141690850257876},"size":9.276373863220215,"orthographic":false}